subject,label
Adam Robinson sent you a connection request,Social
Your insurance renewal is coming up,Important
Last chance to grab these bestsellers,Promotion
Your rewards points are about to expire!,Promotion
Your wishlist items are on sale now!,Promotion
"Contract renewal notice – response needed by January 13, 2024",Important
Exclusive deal just for you 🎁,Promotion
Urgent: Claim your lottery winnings NOW,Spam
CONFIDENTIAL: Business proposal from Nigeria,Spam
Early bird access: Black Friday starts NOW,Promotion
Flash Sale: 4 hours left ⏰,Promotion
You owe back taxes – IRS action pending,Spam
Bank statement for account ending 5043,Important
New message from Amy Ortiz,Social
Daniel Martin replied to your comment,Social
Jack Cox tagged you in a post,Social
Investment opportunity – 3000% returns guaranteed,Spam
Congratulations! You've won a Caribbean cruise,Spam
Laura Ruiz and 30 others liked your comment,Social
Interview scheduled – Business Development Manager at Palantir,Important
Last chance to grab these bestsellers,Promotion
Click here to claim your prize before it expires,Spam
Last chance to grab these bestsellers,Promotion
Re: Project Apex – urgent update needed,Important
"Contract renewal notice – response needed by September 02, 2024",Important
Your rewards points are about to expire!,Promotion
Dorothy Clark commented on your post,Social
"Medical appointment reminder – December 28, 2024 at 12:30 PM",Important
"Lease renewal: action required by June 01, 2024",Important
Prince Abdullah needs your help with $48 million,Spam
New drops every hour – shop the drop,Promotion
Double your Bitcoin in 24 hours – guaranteed,Spam
Urgent: Claim your lottery winnings NOW,Spam
Emily Brown replied to your comment,Social
CONFIDENTIAL: Business proposal from Nigeria,Spam
Ryan Flores mentioned you in a comment,Social
Your credit score qualifies you for a secret loan,Spam
Urgent: Team meeting moved to today at 11:30 AM,Important
Last chance to grab these bestsellers,Promotion
Prince Abdullah needs your help with $48 million,Spam
Teresa Wilson commented on your post,Social
Walter Bailey accepted your friend request,Social
Background check results available,Important
🔥 Up to 60% OFF – Today Only!,Promotion
Last chance to grab these bestsellers,Promotion
New drops every hour – shop the drop,Promotion
Your exclusive member discount inside,Promotion
Your exclusive member discount inside,Promotion
"Medical appointment reminder – December 17, 2024 at 12:30 PM",Important
Investment opportunity – 3000% returns guaranteed,Spam
Interview scheduled – Senior Software Engineer at Confluent,Important
Bank statement for account ending 8825,Important
Your prescription is ready for pickup,Important
Investment opportunity – 3000% returns guaranteed,Spam
You left something in your cart 🛒,Promotion
"Project deadline extended to October 19, 2024",Important
We miss you – here's 20% off to come back,Promotion
"Project deadline extended to September 11, 2024",Important
14 mutual connections want to connect,Social
Your wishlist items are on sale now!,Promotion
Interview scheduled – UX Designer at Cisco Systems,Important
Final hours: clearance sale ends at midnight,Promotion
Limited time: Free shipping on all orders,Promotion
Summer collection is here 🌞,Promotion
Early bird access: Black Friday starts NOW,Promotion
Your post is getting attention! 43 reactions,Social
Don't miss what's happening on Reddit,Social
Last chance to grab these bestsellers,Promotion
Background check results available,Important
Investment opportunity – 3000% returns guaranteed,Spam
Your wishlist items are on sale now!,Promotion
8 people viewed your profile this week,Social
Job offer: DevOps Engineer position at Deloitte,Important
Exclusive deal just for you 🎁,Promotion
43 people viewed your profile this week,Social
Limited time: Free shipping on all orders,Promotion
Don't miss what's happening on Meetup,Social
Summer collection is here 🌞,Promotion
Last chance to grab these bestsellers,Promotion
Nicholas Alvarez and 24 others liked your comment,Social
31 mutual connections want to connect,Social
"Quarterly performance review – March 21, 2024",Important
"Lease renewal: action required by March 14, 2024",Important
"Medical appointment reminder – August 27, 2024 at 9:30 AM",Important
Ronald Ramirez replied to your comment,Social
3 mutual connections want to connect,Social
Your account will be closed unless you verify NOW,Spam
Gloria Campbell liked your photo,Social
Your prescription is ready for pickup,Important
Stephen Harris liked your photo,Social
Weekend special: 30% off sitewide,Promotion
Limited time: Free shipping on all orders,Promotion
Congratulations! You've won a Caribbean cruise,Spam
Weekend special: 30% off sitewide,Promotion
"Meeting reschedule – Client Onboarding on June 22, 2024",Important
Weekend special: 30% off sitewide,Promotion
Your wishlist items are on sale now!,Promotion
Amanda Rodriguez replied to your comment,Social
Your insurance renewal is coming up,Important
Richard Ward reacted to your story,Social
Adam Clark reacted to your story,Social
Offer letter enclosed – please review and sign,Important
Enlarge your income with our proven system,Spam
We miss you – here's 20% off to come back,Promotion
Your insurance renewal is coming up,Important
Last chance to grab these bestsellers,Promotion
Thomas Garcia sent you a connection request,Social
Last chance: unclaimed inheritance waiting for you,Spam
Today only: double rewards points 💰,Promotion
Bank statement for account ending 3926,Important
Biggest sale of the year – don't miss it,Promotion
New message from Amanda Cook,Social
Last chance: unclaimed inheritance waiting for you,Spam
Doctors stunned by this one weird weight loss trick,Spam
Early bird access: Black Friday starts NOW,Promotion
You have a new follower: Nicholas Mitchell,Social
Your prescription is ready for pickup,Important
Frank Alvarez commented on your post,Social
"Quarterly performance review – June 23, 2024",Important
"Project deadline extended to April 30, 2024",Important
Your prescription is ready for pickup,Important
Last chance to grab these bestsellers,Promotion
Steven Thomas commented on your post,Social
Bank statement for account ending 3560,Important
Your prescription is ready for pickup,Important
Your prescription is ready for pickup,Important
Limited time: Free shipping on all orders,Promotion
Dorothy Morgan and 13 others liked your comment,Social
Weekend special: 30% off sitewide,Promotion
You left something in your cart 🛒,Promotion
You owe back taxes – IRS action pending,Spam
Your PayPal account has been limited – act immediately,Spam
"Lease renewal: action required by October 08, 2024",Important
Your rewards points are about to expire!,Promotion
Members-only early access starts NOW,Promotion
"Make $5,000/week from home – no experience needed",Spam
Jean Cox commented on your post,Social
"Contract renewal notice – response needed by November 17, 2024",Important
Kevin Gonzalez tagged you in a post,Social
Amanda Kim mentioned you in a comment,Social
"Project deadline extended to July 07, 2024",Important
Jose Murphy sent you a connection request,Social
Timothy Ramirez mentioned you in a comment,Social
Your PayPal account has been limited – act immediately,Spam
Job offer: Senior Software Engineer position at ServiceNow,Important
You owe back taxes – IRS action pending,Spam
Miracle cure for diabetes discovered,Spam
Offer letter enclosed – please review and sign,Important
We miss you – here's 20% off to come back,Promotion
New message from Cynthia Richardson,Social
🔥 Up to 60% OFF – Today Only!,Promotion
Urgent: Team meeting moved to today at 11:00 AM,Important
Your PayPal account has been limited – act immediately,Spam
Amanda Ruiz accepted your friend request,Social
Anthony Evans and 40 others liked your comment,Social
Background check results available,Important
Your PayPal account has been limited – act immediately,Spam
Early bird access: Black Friday starts NOW,Promotion
13 mutual connections want to connect,Social
17 mutual connections want to connect,Social
Charles Morales reacted to your story,Social
You have 36 new notifications,Social
Bank statement for account ending 5735,Important
Exclusive deal just for you 🎁,Promotion
Stephanie Gonzalez mentioned you in a comment,Social
Doctors stunned by this one weird weight loss trick,Spam
You owe back taxes – IRS action pending,Spam
"Buy 2, get 1 FREE this weekend only",Promotion
Your bank account has suspicious activity,Spam
Early bird access: Black Friday starts NOW,Promotion
"Flight confirmation: BA745 – May 17, 2024",Important
Your wishlist items are on sale now!,Promotion
Investment opportunity – 3000% returns guaranteed,Spam
"Congratulations, you're pre-approved for $50,000",Spam
🔥 Up to 60% OFF – Today Only!,Promotion
Ashley Ramirez mentioned you in a comment,Social
5 mutual connections want to connect,Social
"Lease renewal: action required by November 15, 2024",Important
You owe back taxes – IRS action pending,Spam
49 mutual connections want to connect,Social
Last chance to grab these bestsellers,Promotion
Doctors stunned by this one weird weight loss trick,Spam
Teresa Miller mentioned you in a comment,Social
Your PayPal account has been limited – act immediately,Spam
Your tax documents are ready for review,Important
"Project deadline extended to March 01, 2024",Important
18 mutual connections want to connect,Social
Your PayPal account has been limited – act immediately,Spam
Karen Davis liked your photo,Social
Security alert: new sign-in to your account,Important
Limited time: Free shipping on all orders,Promotion
🔥 Up to 60% OFF – Today Only!,Promotion
Summer collection is here 🌞,Promotion
Trending in your network: see what's happening,Social
Biggest sale of the year – don't miss it,Promotion
Last chance: unclaimed inheritance waiting for you,Spam
Hot singles in your area want to meet you,Spam
Your content reached 5 people this week!,Social
Act NOW to avoid account suspension,Spam
Interview scheduled – Financial Analyst at Snowflake,Important
Laura Morris reacted to your story,Social
Last chance to grab these bestsellers,Promotion
Limited time: Free shipping on all orders,Promotion
"Project deadline extended to May 29, 2024",Important
Bank statement for account ending 8802,Important
Limited time: Free shipping on all orders,Promotion
New arrivals just dropped 🚀,Promotion
Your credit score qualifies you for a secret loan,Spam
Your insurance renewal is coming up,Important
Interview scheduled – Operations Lead at Databricks,Important
Job offer: Data Scientist position at Accenture,Important
Susan Phillips liked your photo,Social
Your account will be closed unless you verify NOW,Spam
Offer letter enclosed – please review and sign,Important
You have 43 new notifications,Social
Biggest sale of the year – don't miss it,Promotion
Doctors stunned by this one weird weight loss trick,Spam
Patrick Thompson commented on your post,Social
"Quarterly performance review – March 02, 2024",Important
Today only: double rewards points 💰,Promotion
Urgent: Team meeting moved to today at 3:30 PM,Important
Anna Morgan shared your post,Social
Early bird access: Black Friday starts NOW,Promotion
Members-only early access starts NOW,Promotion
Re: Project Phoenix – urgent update needed,Important
New drops every hour – shop the drop,Promotion
Nathan Clark sent you a connection request,Social
Security alert: new sign-in to your account,Important
Your content reached 3 people this week!,Social
Your PayPal account has been limited – act immediately,Spam
Your account will be closed unless you verify NOW,Spam
Last chance to grab these bestsellers,Promotion
You have 11 new notifications,Social
Urgent: Team meeting moved to today at 3:00 PM,Important
Summer collection is here 🌞,Promotion
Your prescription is ready for pickup,Important
WINNER! You are our lucky visitor #1000000,Spam
Julie Ramirez started following you,Social
Last chance to grab these bestsellers,Promotion
Offer letter enclosed – please review and sign,Important
Biggest sale of the year – don't miss it,Promotion
Double your Bitcoin in 24 hours – guaranteed,Spam
Your PayPal account has been limited – act immediately,Spam
Weekend special: 30% off sitewide,Promotion
"Meeting reschedule – Product Roadmap on June 07, 2024",Important
Re: Project Nova – urgent update needed,Important
Miracle cure for diabetes discovered,Spam
New drops every hour – shop the drop,Promotion
Lose 30 lbs in 30 days – doctors hate this trick,Spam
Members-only early access starts NOW,Promotion
Final hours: clearance sale ends at midnight,Promotion
"Buy 2, get 1 FREE this weekend only",Promotion
Last chance to grab these bestsellers,Promotion
Bank statement for account ending 8021,Important
Your account will be closed unless you verify NOW,Spam
Your wishlist items are on sale now!,Promotion
Your content reached 7 people this week!,Social
Don't miss what's happening on Medium,Social
Douglas Peterson sent you a connection request,Social
Flash Sale: 4 hours left ⏰,Promotion
David Baker liked your photo,Social
We miss you – here's 20% off to come back,Promotion
Urgent: Your computer has a virus – call now,Spam
🔥 Up to 60% OFF – Today Only!,Promotion
Your application status has been updated,Important
We miss you – here's 20% off to come back,Promotion
Job offer: Data Scientist position at Accenture,Important
Work from home – earn $200/hour guaranteed,Spam
Your exclusive member discount inside,Promotion
Biggest sale of the year – don't miss it,Promotion
Interview scheduled – DevOps Engineer at SAP,Important
"Project deadline extended to October 27, 2024",Important
Congratulations! You've won a Caribbean cruise,Spam
Limited time: Free shipping on all orders,Promotion
Last chance to grab these bestsellers,Promotion
Jerry Castillo and 41 others liked your comment,Social
"Lease renewal: action required by April 29, 2024",Important
Offer letter enclosed – please review and sign,Important
Offer letter enclosed – please review and sign,Important
Biggest sale of the year – don't miss it,Promotion
Trending in your network: see what's happening,Social
Janet Ruiz liked your photo,Social
Doctors stunned by this one weird weight loss trick,Spam
Scott Allen shared your post,Social
Your wishlist items are on sale now!,Promotion
Your wishlist items are on sale now!,Promotion
Your rewards points are about to expire!,Promotion
"Project deadline extended to February 04, 2024",Important
Prince Abdullah needs your help with $48 million,Spam
Eric Cooper started following you,Social
Today only: double rewards points 💰,Promotion
Kathleen Moore sent you a connection request,Social
Trending in your network: see what's happening,Social
Doctors stunned by this one weird weight loss trick,Spam
"Contract renewal notice – response needed by March 29, 2024",Important
Emma Perez mentioned you in a comment,Social
You have a new follower: Heather Williams,Social
Offer letter enclosed – please review and sign,Important
Richard Gray shared your post,Social
Your content reached 17 people this week!,Social
Jack Evans sent you a connection request,Social
Job offer: Solutions Architect position at Goldman Sachs,Important
"Lease renewal: action required by September 24, 2024",Important
Barbara Ramos tagged you in a post,Social
Last chance to grab these bestsellers,Promotion
Your post is getting attention! 29 reactions,Social
"Quarterly performance review – September 20, 2024",Important
Urgent: Team meeting moved to today at 10:00 AM,Important
New message from Joyce Flores,Social
Make money fast – join our exclusive network,Spam
"Make $5,000/week from home – no experience needed",Spam
Offer letter enclosed – please review and sign,Important
"Contract renewal notice – response needed by January 30, 2024",Important
"Flight confirmation: SW646 – May 02, 2024",Important
"Project deadline extended to April 13, 2024",Important
You have a new follower: Lisa Richardson,Social
Members-only early access starts NOW,Promotion
You left something in your cart 🛒,Promotion
Enlarge your income with our proven system,Spam
You have 13 new notifications,Social
Double your Bitcoin in 24 hours – guaranteed,Spam
"Quarterly performance review – April 20, 2024",Important
Urgent: Your computer has a virus – call now,Spam
Exclusive deal just for you 🎁,Promotion
Final hours: clearance sale ends at midnight,Promotion
Act NOW to avoid account suspension,Spam
Lose 30 lbs in 30 days – doctors hate this trick,Spam
Today only: double rewards points 💰,Promotion
"Quarterly performance review – February 04, 2024",Important
Donna Walker and 27 others liked your comment,Social
Bank statement for account ending 1195,Important
New drops every hour – shop the drop,Promotion
Exclusive deal just for you 🎁,Promotion
Action Required: Your invoice #INV-38023 is due,Important
Exclusive deal just for you 🎁,Promotion
"Flight confirmation: AA690 – June 20, 2024",Important
New drops every hour – shop the drop,Promotion
Miracle cure for diabetes discovered,Spam
Biggest sale of the year – don't miss it,Promotion
"Flight confirmation: AA919 – February 13, 2024",Important
"Medical appointment reminder – April 17, 2024 at 1:00 PM",Important
You have a new follower: Jessica Stewart,Social
Members-only early access starts NOW,Promotion
Members-only early access starts NOW,Promotion
Interview scheduled – Financial Analyst at Cisco Systems,Important
Your tax documents are ready for review,Important
"Meeting reschedule – Client Onboarding on February 24, 2024",Important
Security alert: new sign-in to your account,Important
Offer letter enclosed – please review and sign,Important
Urgent: Claim your lottery winnings NOW,Spam
Ronald Robinson tagged you in a post,Social
Offer letter enclosed – please review and sign,Important
Your application status has been updated,Important
Offer letter enclosed – please review and sign,Important
Double your Bitcoin in 24 hours – guaranteed,Spam
Hot singles in your area want to meet you,Spam
Jerry Taylor accepted your friend request,Social
"Make $5,000/week from home – no experience needed",Spam
"Buy 2, get 1 FREE this weekend only",Promotion
We miss you – here's 20% off to come back,Promotion
Your bank account has suspicious activity,Spam
New arrivals just dropped 🚀,Promotion
Bank statement for account ending 1975,Important
Work from home – earn $200/hour guaranteed,Spam
Interview scheduled – Business Development Manager at Palantir,Important
Your tax documents are ready for review,Important
Brian Howard sent you a connection request,Social
Jennifer Sanchez shared your post,Social
Secret government loophole pays off your debt,Spam
Lose 30 lbs in 30 days – doctors hate this trick,Spam
Lose 30 lbs in 30 days – doctors hate this trick,Spam
Double your Bitcoin in 24 hours – guaranteed,Spam
Your application status has been updated,Important
Weekend special: 30% off sitewide,Promotion
Daniel Garcia sent you a connection request,Social
Offer letter enclosed – please review and sign,Important
"Buy 2, get 1 FREE this weekend only",Promotion
Interview scheduled – Marketing Manager at Confluent,Important
Your rewards points are about to expire!,Promotion
Susan Nelson sent you a connection request,Social
"Project deadline extended to November 11, 2024",Important
Your insurance renewal is coming up,Important
Background check results available,Important
Urgent: Claim your lottery winnings NOW,Spam
"Lease renewal: action required by March 08, 2024",Important
Dennis Nelson started following you,Social
Your prescription is ready for pickup,Important
Action Required: Your invoice #INV-92206 is due,Important
Today only: double rewards points 💰,Promotion
Today only: double rewards points 💰,Promotion
Alice Flores started following you,Social
"Lease renewal: action required by October 20, 2024",Important
Exclusive deal just for you 🎁,Promotion
Lisa Myers replied to your comment,Social
Background check results available,Important
🔥 Up to 60% OFF – Today Only!,Promotion
Your content reached 3 people this week!,Social
Urgent: Team meeting moved to today at 1:30 PM,Important
Edward Cox started following you,Social
Background check results available,Important
Background check results available,Important
9 mutual connections want to connect,Social
You left something in your cart 🛒,Promotion
WINNER! You are our lucky visitor #1000000,Spam
Your rewards points are about to expire!,Promotion
49 people viewed your profile this week,Social
You have 34 new notifications,Social
Jacob Hernandez sent you a connection request,Social
Urgent: Claim your lottery winnings NOW,Spam
Christopher Jones shared your post,Social
Trending in your network: see what's happening,Social
Your account will be closed unless you verify NOW,Spam
Double your Bitcoin in 24 hours – guaranteed,Spam
"Meeting reschedule – Client Onboarding on December 19, 2024",Important
Prince Abdullah needs your help with $48 million,Spam
Investment opportunity – 3000% returns guaranteed,Spam
Background check results available,Important
Re: Project Nova – urgent update needed,Important
Today only: double rewards points 💰,Promotion
You have 14 new notifications,Social
"Project deadline extended to June 06, 2024",Important
"Congratulations, you're pre-approved for $50,000",Spam
"Contract renewal notice – response needed by May 24, 2024",Important
Last chance to grab these bestsellers,Promotion
Your post is getting attention! 20 reactions,Social
Security alert: new sign-in to your account,Important
"Meeting reschedule – Client Onboarding on March 04, 2024",Important
You have a new follower: Cheryl Patel,Social
Michael Howard shared your post,Social
Emma Jones shared your post,Social
Your wishlist items are on sale now!,Promotion
Trending in your network: see what's happening,Social
Job offer: Senior Software Engineer position at Goldman Sachs,Important
Evelyn Jones replied to your comment,Social
You owe back taxes – IRS action pending,Spam
Your content reached 15 people this week!,Social
Flash Sale: 4 hours left ⏰,Promotion
"Contract renewal notice – response needed by May 11, 2024",Important
Your wishlist items are on sale now!,Promotion
Secret government loophole pays off your debt,Spam
Donna Taylor started following you,Social
"Congratulations, you're pre-approved for $50,000",Spam
Background check results available,Important
Offer letter enclosed – please review and sign,Important
Your PayPal account has been limited – act immediately,Spam
Re: Project Pulse – urgent update needed,Important
Sandra Collins liked your photo,Social
Gregory Harris and 21 others liked your comment,Social
Urgent: Claim your lottery winnings NOW,Spam
Hot singles in your area want to meet you,Spam
You've been selected for a $500 Walmart gift card!!,Spam
John Johnson mentioned you in a comment,Social
"Project deadline extended to September 13, 2024",Important
Today only: double rewards points 💰,Promotion
Trending in your network: see what's happening,Social
"Contract renewal notice – response needed by May 31, 2024",Important
Offer letter enclosed – please review and sign,Important
Action Required: Your invoice #INV-84068 is due,Important
Urgent: Team meeting moved to today at 3:30 PM,Important
Limited time: Free shipping on all orders,Promotion
We miss you – here's 20% off to come back,Promotion
Your wishlist items are on sale now!,Promotion
"Flight confirmation: SW578 – January 14, 2024",Important
Biggest sale of the year – don't miss it,Promotion
Offer letter enclosed – please review and sign,Important
Early bird access: Black Friday starts NOW,Promotion
🔥 Up to 60% OFF – Today Only!,Promotion
Your rewards points are about to expire!,Promotion
Offer letter enclosed – please review and sign,Important
Cynthia Ortiz reacted to your story,Social
Secret government loophole pays off your debt,Spam
You owe back taxes – IRS action pending,Spam
Your application status has been updated,Important
New arrivals just dropped 🚀,Promotion
Miracle cure for diabetes discovered,Spam
Urgent: Team meeting moved to today at 11:00 AM,Important
Your bank account has suspicious activity,Spam
Doctors stunned by this one weird weight loss trick,Spam
Interview scheduled – Operations Lead at Workday,Important
"Meeting reschedule – Product Roadmap on September 27, 2024",Important
Lose 30 lbs in 30 days – doctors hate this trick,Spam
We miss you – here's 20% off to come back,Promotion
Bank statement for account ending 5809,Important
Trending in your network: see what's happening,Social
Exclusive deal just for you 🎁,Promotion
Doctors stunned by this one weird weight loss trick,Spam
Urgent: Claim your lottery winnings NOW,Spam
Andrea Perez shared your post,Social
Flash Sale: 4 hours left ⏰,Promotion
Betty Nelson started following you,Social
Don't miss what's happening on Quora,Social
Your account will be closed unless you verify NOW,Spam
Andrew Jones started following you,Social
Your rewards points are about to expire!,Promotion
Final hours: clearance sale ends at midnight,Promotion
Lose 30 lbs in 30 days – doctors hate this trick,Spam
You left something in your cart 🛒,Promotion
Your account will be closed unless you verify NOW,Spam
"Meeting reschedule – System Migration on January 26, 2024",Important
Bank statement for account ending 4987,Important
Offer letter enclosed – please review and sign,Important
Your wishlist items are on sale now!,Promotion
Bank statement for account ending 6238,Important
Security alert: new sign-in to your account,Important
Members-only early access starts NOW,Promotion
"Contract renewal notice – response needed by October 21, 2024",Important
Limited time: Free shipping on all orders,Promotion
Prince Abdullah needs your help with $48 million,Spam
Andrea Ruiz tagged you in a post,Social
Your tax documents are ready for review,Important
Last chance to grab these bestsellers,Promotion
Your credit score qualifies you for a secret loan,Spam
We miss you – here's 20% off to come back,Promotion
"Project deadline extended to July 10, 2024",Important
Your exclusive member discount inside,Promotion
Your tax documents are ready for review,Important
Prince Abdullah needs your help with $48 million,Spam
Action Required: Your invoice #INV-48557 is due,Important
Your exclusive member discount inside,Promotion
Biggest sale of the year – don't miss it,Promotion
WINNER! You are our lucky visitor #1000000,Spam
Biggest sale of the year – don't miss it,Promotion
Limited time: Free shipping on all orders,Promotion
"Flight confirmation: BA614 – October 10, 2024",Important
Interview scheduled – Senior Software Engineer at Snowflake,Important
Doctors stunned by this one weird weight loss trick,Spam
Patricia Gutierrez liked your photo,Social
CONFIDENTIAL: Business proposal from Nigeria,Spam
Your tax documents are ready for review,Important
Limited time: Free shipping on all orders,Promotion
Don't miss what's happening on Instagram,Social
You have a new follower: Nicholas Ramirez,Social
Security alert: new sign-in to your account,Important
Urgent: Team meeting moved to today at 8:30 AM,Important
Biggest sale of the year – don't miss it,Promotion
FREE gift card inside – open immediately,Spam
Your rewards points are about to expire!,Promotion
Secret government loophole pays off your debt,Spam
New arrivals just dropped 🚀,Promotion
You left something in your cart 🛒,Promotion
Job offer: Marketing Manager position at McKinsey & Company,Important
"Contract renewal notice – response needed by May 17, 2024",Important
Mary Watson liked your photo,Social
Anthony Watson started following you,Social
Early bird access: Black Friday starts NOW,Promotion
Edward Long commented on your post,Social
"Project deadline extended to March 14, 2024",Important
Rebecca Perez and 41 others liked your comment,Social
Weekend special: 30% off sitewide,Promotion
Henry Smith shared your post,Social
CONFIDENTIAL: Business proposal from Nigeria,Spam
"Meeting reschedule – Hiring Plan on November 16, 2024",Important
Weekend special: 30% off sitewide,Promotion
Steven Robinson reacted to your story,Social
You have a new follower: Dorothy Evans,Social
Heather Brooks shared your post,Social
Work from home – earn $200/hour guaranteed,Spam
Your post is getting attention! 49 reactions,Social
Background check results available,Important
Hot singles in your area want to meet you,Spam
You left something in your cart 🛒,Promotion
Your tax documents are ready for review,Important
"Congratulations, you're pre-approved for $50,000",Spam
Action Required: Your invoice #INV-74068 is due,Important
Trending in your network: see what's happening,Social
"Contract renewal notice – response needed by December 22, 2024",Important
"Meeting reschedule – Product Roadmap on March 11, 2024",Important
Martha Clark shared your post,Social
Trending in your network: see what's happening,Social
Interview scheduled – DevOps Engineer at SAP,Important
Final hours: clearance sale ends at midnight,Promotion
Carol Johnson started following you,Social
Congratulations! You've won a Caribbean cruise,Spam
Last chance: unclaimed inheritance waiting for you,Spam
Limited time: Free shipping on all orders,Promotion
Final hours: clearance sale ends at midnight,Promotion
Timothy Flores commented on your post,Social
Today only: double rewards points 💰,Promotion
Security alert: new sign-in to your account,Important
Your rewards points are about to expire!,Promotion
"Quarterly performance review – October 23, 2024",Important
Bank statement for account ending 9946,Important
Your post is getting attention! 6 reactions,Social
Biggest sale of the year – don't miss it,Promotion
Limited time: Free shipping on all orders,Promotion
CONFIDENTIAL: Business proposal from Nigeria,Spam
Limited time: Free shipping on all orders,Promotion
Interview scheduled – Marketing Manager at Goldman Sachs,Important
Limited time: Free shipping on all orders,Promotion
Re: Project Helix – urgent update needed,Important
You left something in your cart 🛒,Promotion
"Lease renewal: action required by December 05, 2024",Important
Double your Bitcoin in 24 hours – guaranteed,Spam
New arrivals just dropped 🚀,Promotion
Jose Cooper mentioned you in a comment,Social
"Lease renewal: action required by July 29, 2024",Important
Limited time: Free shipping on all orders,Promotion
Frank Allen shared your post,Social
FREE iPhone 15 Pro – just pay shipping,Spam
Exclusive deal just for you 🎁,Promotion
Walter Hernandez started following you,Social
New drops every hour – shop the drop,Promotion
Today only: double rewards points 💰,Promotion
Bank statement for account ending 9535,Important
Your content reached 9 people this week!,Social
"Project deadline extended to January 18, 2024",Important
Gregory Ramos and 46 others liked your comment,Social
Click here to claim your prize before it expires,Spam
Offer letter enclosed – please review and sign,Important
Background check results available,Important
Investment opportunity – 3000% returns guaranteed,Spam
Timothy Gray started following you,Social
Secret government loophole pays off your debt,Spam
Your bank account has suspicious activity,Spam
Exclusive deal just for you 🎁,Promotion
"Contract renewal notice – response needed by August 31, 2024",Important
"Contract renewal notice – response needed by July 31, 2024",Important
Anthony Wilson and 39 others liked your comment,Social
Your rewards points are about to expire!,Promotion
"Lease renewal: action required by December 11, 2024",Important
Your application status has been updated,Important
New arrivals just dropped 🚀,Promotion
Your exclusive member discount inside,Promotion
🔥 Up to 60% OFF – Today Only!,Promotion
Thomas Peterson reacted to your story,Social
Your bank account has suspicious activity,Spam
Re: Project Orion – urgent update needed,Important
Job offer: DevOps Engineer position at ServiceNow,Important
Linda Evans accepted your friend request,Social
"Meeting reschedule – Sprint Planning on April 30, 2024",Important
"Project deadline extended to August 22, 2024",Important
Your exclusive member discount inside,Promotion
Security alert: new sign-in to your account,Important
Jonathan Lewis commented on your post,Social
Your insurance renewal is coming up,Important
Last chance to grab these bestsellers,Promotion
Weekend special: 30% off sitewide,Promotion
Offer letter enclosed – please review and sign,Important
Your exclusive member discount inside,Promotion
FREE gift card inside – open immediately,Spam
Weekend special: 30% off sitewide,Promotion
Summer collection is here 🌞,Promotion
"Quarterly performance review – May 30, 2024",Important
Job offer: Financial Analyst position at Snowflake,Important
You have 36 new notifications,Social
Investment opportunity – 3000% returns guaranteed,Spam
CONFIDENTIAL: Business proposal from Nigeria,Spam
Urgent: Claim your lottery winnings NOW,Spam
FREE gift card inside – open immediately,Spam
Flash Sale: 4 hours left ⏰,Promotion
You left something in your cart 🛒,Promotion
Enlarge your income with our proven system,Spam
Your exclusive member discount inside,Promotion
Jose Martinez commented on your post,Social
Last chance to grab these bestsellers,Promotion
Prince Abdullah needs your help with $48 million,Spam
"Medical appointment reminder – June 04, 2024 at 12:30 PM",Important
Urgent: Your computer has a virus – call now,Spam
Don't miss what's happening on Quora,Social
Early bird access: Black Friday starts NOW,Promotion
New arrivals just dropped 🚀,Promotion
Aaron Mitchell tagged you in a post,Social
Marie Ward tagged you in a post,Social
"Quarterly performance review – January 08, 2024",Important
Flash Sale: 4 hours left ⏰,Promotion
Background check results available,Important
You owe back taxes – IRS action pending,Spam
Double your Bitcoin in 24 hours – guaranteed,Spam
Job offer: Data Scientist position at HashiCorp,Important
Kevin Robinson commented on your post,Social
Exclusive deal just for you 🎁,Promotion
New message from William Cox,Social
Exclusive VIP access – limited time offer,Spam
"Contract renewal notice – response needed by February 23, 2024",Important
Prince Abdullah needs your help with $48 million,Spam
You left something in your cart 🛒,Promotion
"Congratulations, you're pre-approved for $50,000",Spam
Members-only early access starts NOW,Promotion
Background check results available,Important
Your tax documents are ready for review,Important
Samantha Rodriguez liked your photo,Social
Miracle cure for diabetes discovered,Spam
Urgent: Team meeting moved to today at 9:00 AM,Important
Summer collection is here 🌞,Promotion
Stephanie Hall and 44 others liked your comment,Social
Re: Project Pulse – urgent update needed,Important
Exclusive deal just for you 🎁,Promotion
"Medical appointment reminder – April 24, 2024 at 11:00 AM",Important
Click here to claim your prize before it expires,Spam
Security alert: new sign-in to your account,Important
"Quarterly performance review – March 31, 2024",Important
Your insurance renewal is coming up,Important
Linda Taylor reacted to your story,Social
Your tax documents are ready for review,Important
Patrick Moore liked your photo,Social
Background check results available,Important
46 mutual connections want to connect,Social
Today only: double rewards points 💰,Promotion
Timothy Smith and 26 others liked your comment,Social
FREE iPhone 15 Pro – just pay shipping,Spam
Doctors stunned by this one weird weight loss trick,Spam
You have a new follower: Alice Campbell,Social
Trending in your network: see what's happening,Social
Members-only early access starts NOW,Promotion
Urgent: Your computer has a virus – call now,Spam
Evelyn Young and 45 others liked your comment,Social
Offer letter enclosed – please review and sign,Important
Joseph Gray replied to your comment,Social
40 people viewed your profile this week,Social
Deborah Young and 17 others liked your comment,Social
Your prescription is ready for pickup,Important
43 mutual connections want to connect,Social
Your insurance renewal is coming up,Important
Summer collection is here 🌞,Promotion
Job offer: Solutions Architect position at Goldman Sachs,Important
Your exclusive member discount inside,Promotion
WINNER! You are our lucky visitor #1000000,Spam
Action Required: Your invoice #INV-83377 is due,Important
7 people viewed your profile this week,Social
🔥 Up to 60% OFF – Today Only!,Promotion
Biggest sale of the year – don't miss it,Promotion
Congratulations! You've won a Caribbean cruise,Spam
🔥 Up to 60% OFF – Today Only!,Promotion
"Meeting reschedule – Q3 Budget Review on June 23, 2024",Important
Your exclusive member discount inside,Promotion
"Quarterly performance review – August 30, 2024",Important
Summer collection is here 🌞,Promotion
Urgent: Claim your lottery winnings NOW,Spam
Lose 30 lbs in 30 days – doctors hate this trick,Spam
Weekend special: 30% off sitewide,Promotion
Lisa Wilson started following you,Social
New arrivals just dropped 🚀,Promotion
Your bank account has suspicious activity,Spam
Work from home – earn $200/hour guaranteed,Spam
Your rewards points are about to expire!,Promotion
You left something in your cart 🛒,Promotion
Make money fast – join our exclusive network,Spam
"Make $5,000/week from home – no experience needed",Spam
Gloria Peterson sent you a connection request,Social
"Medical appointment reminder – April 15, 2024 at 3:00 PM",Important
Biggest sale of the year – don't miss it,Promotion
New arrivals just dropped 🚀,Promotion
Last chance to grab these bestsellers,Promotion
"Project deadline extended to May 14, 2024",Important
FREE iPhone 15 Pro – just pay shipping,Spam
"Project deadline extended to March 15, 2024",Important
Your exclusive member discount inside,Promotion
Biggest sale of the year – don't miss it,Promotion
Early bird access: Black Friday starts NOW,Promotion
Your application status has been updated,Important
Your prescription is ready for pickup,Important
Offer letter enclosed – please review and sign,Important
You owe back taxes – IRS action pending,Spam
Brenda Martin reacted to your story,Social
We miss you – here's 20% off to come back,Promotion
You have 3 new notifications,Social
Your tax documents are ready for review,Important
Your tax documents are ready for review,Important
Don't miss what's happening on LinkedIn,Social
Early bird access: Black Friday starts NOW,Promotion
Biggest sale of the year – don't miss it,Promotion
🔥 Up to 60% OFF – Today Only!,Promotion
Congratulations! You've won a Caribbean cruise,Spam
Your account will be closed unless you verify NOW,Spam
Job offer: DevOps Engineer position at JP Morgan,Important
Your rewards points are about to expire!,Promotion
Your wishlist items are on sale now!,Promotion
Eric Kelly shared your post,Social
"Medical appointment reminder – June 26, 2024 at 10:30 AM",Important
Donna Lee tagged you in a post,Social
Heather Flores reacted to your story,Social
Interview scheduled – Operations Lead at SAP,Important
Limited time: Free shipping on all orders,Promotion
Brenda Morgan liked your photo,Social
Your bank account has suspicious activity,Spam
"Medical appointment reminder – May 27, 2024 at 8:30 AM",Important
Security alert: new sign-in to your account,Important
Your application status has been updated,Important
Christopher Gonzalez liked your photo,Social
Limited time: Free shipping on all orders,Promotion
Bank statement for account ending 5147,Important
Brandon Rodriguez liked your photo,Social
Your post is getting attention! 17 reactions,Social
James Davis accepted your friend request,Social
Your insurance renewal is coming up,Important
Your wishlist items are on sale now!,Promotion
Background check results available,Important
Final hours: clearance sale ends at midnight,Promotion
Weekend special: 30% off sitewide,Promotion
Bank statement for account ending 4395,Important
New arrivals just dropped 🚀,Promotion
Offer letter enclosed – please review and sign,Important
Security alert: new sign-in to your account,Important
"Quarterly performance review – April 19, 2024",Important
Offer letter enclosed – please review and sign,Important
Congratulations! You've won a Caribbean cruise,Spam
FREE iPhone 15 Pro – just pay shipping,Spam
Today only: double rewards points 💰,Promotion
Final hours: clearance sale ends at midnight,Promotion
Don't miss what's happening on Reddit,Social
Limited time: Free shipping on all orders,Promotion
Kimberly Hernandez liked your photo,Social
Security alert: new sign-in to your account,Important
Miracle cure for diabetes discovered,Spam
Background check results available,Important
42 people viewed your profile this week,Social
Members-only early access starts NOW,Promotion
Alice Nelson reacted to your story,Social
🔥 Up to 60% OFF – Today Only!,Promotion
🔥 Up to 60% OFF – Today Only!,Promotion
Doctors stunned by this one weird weight loss trick,Spam
Weekend special: 30% off sitewide,Promotion
"Make $5,000/week from home – no experience needed",Spam
You owe back taxes – IRS action pending,Spam
Final hours: clearance sale ends at midnight,Promotion
Action Required: Your invoice #INV-11805 is due,Important
Summer collection is here 🌞,Promotion
Trending in your network: see what's happening,Social
Urgent: Your computer has a virus – call now,Spam
Your wishlist items are on sale now!,Promotion
Trending in your network: see what's happening,Social
"Flight confirmation: AA125 – May 16, 2024",Important
Don't miss what's happening on GitHub,Social
Action Required: Your invoice #INV-24681 is due,Important
Brandon Reed tagged you in a post,Social
Re: Project Apex – urgent update needed,Important
Urgent: Your computer has a virus – call now,Spam
New arrivals just dropped 🚀,Promotion
Biggest sale of the year – don't miss it,Promotion
Janet Ramos mentioned you in a comment,Social
Urgent: Claim your lottery winnings NOW,Spam
Your post is getting attention! 30 reactions,Social
Last chance to grab these bestsellers,Promotion
Your insurance renewal is coming up,Important
New drops every hour – shop the drop,Promotion
"Quarterly performance review – April 23, 2024",Important
Exclusive deal just for you 🎁,Promotion
Members-only early access starts NOW,Promotion
Jeff Chavez replied to your comment,Social
You owe back taxes – IRS action pending,Spam
Enlarge your income with our proven system,Spam
Adam Morgan liked your photo,Social
You have a new follower: Peter Perez,Social
FREE iPhone 15 Pro – just pay shipping,Spam
🔥 Up to 60% OFF – Today Only!,Promotion
Robert Davis reacted to your story,Social
"Buy 2, get 1 FREE this weekend only",Promotion
You've been selected for a $500 Walmart gift card!!,Spam
Dorothy Edwards shared your post,Social
Exclusive deal just for you 🎁,Promotion
Barbara Reed and 27 others liked your comment,Social
You've been selected for a $500 Walmart gift card!!,Spam
Action Required: Your invoice #INV-85760 is due,Important
Your prescription is ready for pickup,Important
"Meeting reschedule – Compliance Review on October 18, 2024",Important
Members-only early access starts NOW,Promotion
"Buy 2, get 1 FREE this weekend only",Promotion
Last chance to grab these bestsellers,Promotion
Click here to claim your prize before it expires,Spam
Flash Sale: 4 hours left ⏰,Promotion
"Buy 2, get 1 FREE this weekend only",Promotion
Final hours: clearance sale ends at midnight,Promotion
Miracle cure for diabetes discovered,Spam
Biggest sale of the year – don't miss it,Promotion
Action Required: Your invoice #INV-49263 is due,Important
Biggest sale of the year – don't miss it,Promotion
Summer collection is here 🌞,Promotion
Urgent: Claim your lottery winnings NOW,Spam
Investment opportunity – 3000% returns guaranteed,Spam
We miss you – here's 20% off to come back,Promotion
Prince Abdullah needs your help with $48 million,Spam
"Contract renewal notice – response needed by July 05, 2024",Important
New arrivals just dropped 🚀,Promotion
"Contract renewal notice – response needed by June 07, 2024",Important
Trending in your network: see what's happening,Social
Jerry Morales started following you,Social
Security alert: new sign-in to your account,Important
"Flight confirmation: BA140 – July 21, 2024",Important
Urgent: Your computer has a virus – call now,Spam
Your bank account has suspicious activity,Spam
New message from Ann Jones,Social
"Quarterly performance review – January 25, 2024",Important
"Project deadline extended to December 04, 2024",Important
Re: Project Nexus – urgent update needed,Important
Double your Bitcoin in 24 hours – guaranteed,Spam
Interview scheduled – Data Scientist at Confluent,Important
Your tax documents are ready for review,Important
Jeff Carter tagged you in a post,Social
You left something in your cart 🛒,Promotion
Exclusive deal just for you 🎁,Promotion
You have a new follower: Jack Parker,Social
Urgent: Claim your lottery winnings NOW,Spam
Security alert: new sign-in to your account,Important
Summer collection is here 🌞,Promotion
Early bird access: Black Friday starts NOW,Promotion
You've been selected for a $500 Walmart gift card!!,Spam
Exclusive deal just for you 🎁,Promotion
Joyce Sanchez mentioned you in a comment,Social
Congratulations! You've won a Caribbean cruise,Spam
Bank statement for account ending 8626,Important
Job offer: Financial Analyst position at Snowflake,Important
Final hours: clearance sale ends at midnight,Promotion
We miss you – here's 20% off to come back,Promotion
You left something in your cart 🛒,Promotion
FREE iPhone 15 Pro – just pay shipping,Spam
Security alert: new sign-in to your account,Important
Bank statement for account ending 6175,Important
You have 33 new notifications,Social
Act NOW to avoid account suspension,Spam
Click here to claim your prize before it expires,Spam
"Medical appointment reminder – June 25, 2024 at 8:30 AM",Important
Daniel Hall liked your photo,Social
12 mutual connections want to connect,Social
Joyce Mendoza liked your photo,Social
Donald Miller liked your photo,Social
Biggest sale of the year – don't miss it,Promotion
Your rewards points are about to expire!,Promotion
Your application status has been updated,Important
You have 48 new notifications,Social
Angela Cooper started following you,Social
Margaret Flores commented on your post,Social
New message from Benjamin Nguyen,Social
CONFIDENTIAL: Business proposal from Nigeria,Spam
Trending in your network: see what's happening,Social
4 people viewed your profile this week,Social
Early bird access: Black Friday starts NOW,Promotion
Limited time: Free shipping on all orders,Promotion
"Meeting reschedule – Compliance Review on September 07, 2024",Important
Your PayPal account has been limited – act immediately,Spam
Summer collection is here 🌞,Promotion
Your bank account has suspicious activity,Spam
You have 33 new notifications,Social
Melissa Castillo started following you,Social
Flash Sale: 4 hours left ⏰,Promotion
Trending in your network: see what's happening,Social
Your prescription is ready for pickup,Important
Offer letter enclosed – please review and sign,Important
"Contract renewal notice – response needed by July 14, 2024",Important
Exclusive deal just for you 🎁,Promotion
Summer collection is here 🌞,Promotion
19 people viewed your profile this week,Social
FREE iPhone 15 Pro – just pay shipping,Spam
"Flight confirmation: UA922 – March 02, 2024",Important
You owe back taxes – IRS action pending,Spam
Urgent: Claim your lottery winnings NOW,Spam
Today only: double rewards points 💰,Promotion
Prince Abdullah needs your help with $48 million,Spam
Secret government loophole pays off your debt,Spam
Bank statement for account ending 5690,Important
Double your Bitcoin in 24 hours – guaranteed,Spam
Larry Carter tagged you in a post,Social
Jennifer Chavez shared your post,Social
Security alert: new sign-in to your account,Important
Today only: double rewards points 💰,Promotion
Biggest sale of the year – don't miss it,Promotion
"Congratulations, you're pre-approved for $50,000",Spam
Your post is getting attention! 27 reactions,Social
FREE gift card inside – open immediately,Spam
WINNER! You are our lucky visitor #1000000,Spam
"Buy 2, get 1 FREE this weekend only",Promotion
Your content reached 49 people this week!,Social
You have a new follower: Jennifer Lewis,Social
Re: Project Atlas – urgent update needed,Important
Anthony Williams replied to your comment,Social
Your wishlist items are on sale now!,Promotion
Enlarge your income with our proven system,Spam
Weekend special: 30% off sitewide,Promotion
"Project deadline extended to June 06, 2024",Important
"Lease renewal: action required by September 09, 2024",Important
6 people viewed your profile this week,Social
Security alert: new sign-in to your account,Important
Re: Project Apex – urgent update needed,Important
Background check results available,Important
You have 49 new notifications,Social
"Project deadline extended to June 15, 2024",Important
Lose 30 lbs in 30 days – doctors hate this trick,Spam
Your wishlist items are on sale now!,Promotion
"Contract renewal notice – response needed by December 02, 2024",Important
You have a new follower: Danielle Cook,Social
Your application status has been updated,Important
Make money fast – join our exclusive network,Spam
Your wishlist items are on sale now!,Promotion
Biggest sale of the year – don't miss it,Promotion
Your rewards points are about to expire!,Promotion
"Project deadline extended to October 18, 2024",Important
Helen Lee commented on your post,Social
Nathan Cox tagged you in a post,Social
Last chance to grab these bestsellers,Promotion
Interview scheduled – Marketing Manager at McKinsey & Company,Important
Make money fast – join our exclusive network,Spam
WINNER! You are our lucky visitor #1000000,Spam
Kimberly Davis accepted your friend request,Social
Offer letter enclosed – please review and sign,Important
Weekend special: 30% off sitewide,Promotion
Job offer: Operations Lead position at Accenture,Important
Frank Morales started following you,Social
New drops every hour – shop the drop,Promotion
"Meeting reschedule – System Migration on September 16, 2024",Important
"Quarterly performance review – October 17, 2024",Important
FREE gift card inside – open immediately,Spam
Today only: double rewards points 💰,Promotion
Weekend special: 30% off sitewide,Promotion
Weekend special: 30% off sitewide,Promotion
Linda Smith started following you,Social
40 mutual connections want to connect,Social
20 mutual connections want to connect,Social
Mary Castillo started following you,Social
You left something in your cart 🛒,Promotion
Your wishlist items are on sale now!,Promotion
Your application status has been updated,Important
Your account will be closed unless you verify NOW,Spam
Background check results available,Important
Biggest sale of the year – don't miss it,Promotion
New drops every hour – shop the drop,Promotion
"Make $5,000/week from home – no experience needed",Spam
Miracle cure for diabetes discovered,Spam
"Quarterly performance review – March 16, 2024",Important
Final hours: clearance sale ends at midnight,Promotion
Emily Ward sent you a connection request,Social
32 mutual connections want to connect,Social
"Flight confirmation: UA298 – May 29, 2024",Important
Security alert: new sign-in to your account,Important
Job offer: Operations Lead position at HashiCorp,Important
Job offer: Solutions Architect position at Confluent,Important
Ronald White mentioned you in a comment,Social
Today only: double rewards points 💰,Promotion
"Project deadline extended to October 23, 2024",Important
Last chance to grab these bestsellers,Promotion
Don't miss what's happening on GitHub,Social
Urgent: Claim your lottery winnings NOW,Spam
"Medical appointment reminder – December 23, 2024 at 4:00 PM",Important
50 people viewed your profile this week,Social
"Contract renewal notice – response needed by May 05, 2024",Important
Edward Adams replied to your comment,Social
FREE iPhone 15 Pro – just pay shipping,Spam
Your post is getting attention! 27 reactions,Social
Joseph Cox mentioned you in a comment,Social
We miss you – here's 20% off to come back,Promotion
Background check results available,Important
Investment opportunity – 3000% returns guaranteed,Spam
Adam Edwards reacted to your story,Social
Today only: double rewards points 💰,Promotion
Scott Stewart reacted to your story,Social
"Make $5,000/week from home – no experience needed",Spam
"Buy 2, get 1 FREE this weekend only",Promotion
Doctors stunned by this one weird weight loss trick,Spam
Urgent: Team meeting moved to today at 2:00 PM,Important
Flash Sale: 4 hours left ⏰,Promotion
Security alert: new sign-in to your account,Important
"Lease renewal: action required by April 27, 2024",Important
"Buy 2, get 1 FREE this weekend only",Promotion
Flash Sale: 4 hours left ⏰,Promotion
Crystal Davis tagged you in a post,Social
Exclusive deal just for you 🎁,Promotion
Miracle cure for diabetes discovered,Spam
"Contract renewal notice – response needed by June 04, 2024",Important
Your prescription is ready for pickup,Important
Re: Project Nexus – urgent update needed,Important
Amy Bennett started following you,Social
New arrivals just dropped 🚀,Promotion
You've been selected for a $500 Walmart gift card!!,Spam
New drops every hour – shop the drop,Promotion
Flash Sale: 4 hours left ⏰,Promotion
Your exclusive member discount inside,Promotion
Today only: double rewards points 💰,Promotion
Your rewards points are about to expire!,Promotion
David Martin and 47 others liked your comment,Social
Enlarge your income with our proven system,Spam
Re: Project Orion – urgent update needed,Important
Offer letter enclosed – please review and sign,Important
Make money fast – join our exclusive network,Spam
Urgent: Your computer has a virus – call now,Spam
Your bank account has suspicious activity,Spam
Anthony Cox tagged you in a post,Social
Last chance to grab these bestsellers,Promotion
Urgent: Claim your lottery winnings NOW,Spam
"Contract renewal notice – response needed by December 30, 2024",Important
Your post is getting attention! 3 reactions,Social
Your post is getting attention! 29 reactions,Social
Job offer: DevOps Engineer position at Cisco Systems,Important
🔥 Up to 60% OFF – Today Only!,Promotion
FREE iPhone 15 Pro – just pay shipping,Spam
Double your Bitcoin in 24 hours – guaranteed,Spam
Summer collection is here 🌞,Promotion
Amanda Hill commented on your post,Social
Interview scheduled – Business Development Manager at Oracle,Important
New arrivals just dropped 🚀,Promotion
You have 31 new notifications,Social
Your rewards points are about to expire!,Promotion
Summer collection is here 🌞,Promotion
🔥 Up to 60% OFF – Today Only!,Promotion
Final hours: clearance sale ends at midnight,Promotion
Urgent: Team meeting moved to today at 8:30 AM,Important
Your prescription is ready for pickup,Important
"Contract renewal notice – response needed by February 07, 2024",Important
🔥 Up to 60% OFF – Today Only!,Promotion
Ronald Perez accepted your friend request,Social
Final hours: clearance sale ends at midnight,Promotion
Job offer: Financial Analyst position at Confluent,Important
Action Required: Your invoice #INV-23293 is due,Important
"Project deadline extended to November 24, 2024",Important
Your prescription is ready for pickup,Important
Weekend special: 30% off sitewide,Promotion
New message from Thomas Smith,Social
Your prescription is ready for pickup,Important
Today only: double rewards points 💰,Promotion
Members-only early access starts NOW,Promotion
"Meeting reschedule – Hiring Plan on October 16, 2024",Important
"Lease renewal: action required by July 09, 2024",Important
New arrivals just dropped 🚀,Promotion
Last chance: unclaimed inheritance waiting for you,Spam
Urgent: Team meeting moved to today at 9:30 AM,Important
Laura White tagged you in a post,Social
Work from home – earn $200/hour guaranteed,Spam
Background check results available,Important
Exclusive VIP access – limited time offer,Spam
You left something in your cart 🛒,Promotion
Members-only early access starts NOW,Promotion
New arrivals just dropped 🚀,Promotion
Anna Ortiz mentioned you in a comment,Social
Your tax documents are ready for review,Important
Today only: double rewards points 💰,Promotion
Trending in your network: see what's happening,Social
"Medical appointment reminder – February 18, 2024 at 11:30 AM",Important
Doctors stunned by this one weird weight loss trick,Spam
Secret government loophole pays off your debt,Spam
You have 9 new notifications,Social
🔥 Up to 60% OFF – Today Only!,Promotion
We miss you – here's 20% off to come back,Promotion
"Meeting reschedule – Hiring Plan on October 07, 2024",Important
New arrivals just dropped 🚀,Promotion
"Meeting reschedule – Hiring Plan on February 10, 2024",Important
Exclusive deal just for you 🎁,Promotion
Urgent: Claim your lottery winnings NOW,Spam
"Congratulations, you're pre-approved for $50,000",Spam
24 people viewed your profile this week,Social
13 mutual connections want to connect,Social
Flash Sale: 4 hours left ⏰,Promotion
Limited time: Free shipping on all orders,Promotion
CONFIDENTIAL: Business proposal from Nigeria,Spam
"Quarterly performance review – December 24, 2024",Important
You have a new follower: Christopher Gutierrez,Social
Cynthia Parker mentioned you in a comment,Social
Kathleen Lopez reacted to your story,Social
Investment opportunity – 3000% returns guaranteed,Spam
Kimberly Kim and 48 others liked your comment,Social
Enlarge your income with our proven system,Spam
Bank statement for account ending 4475,Important
"Lease renewal: action required by December 07, 2024",Important
New arrivals just dropped 🚀,Promotion
"Buy 2, get 1 FREE this weekend only",Promotion
You left something in your cart 🛒,Promotion
Last chance: unclaimed inheritance waiting for you,Spam
Your bank account has suspicious activity,Spam
Your PayPal account has been limited – act immediately,Spam
Act NOW to avoid account suspension,Spam
41 people viewed your profile this week,Social
Robert Johnson commented on your post,Social
Interview scheduled – UX Designer at Goldman Sachs,Important
Summer collection is here 🌞,Promotion
WINNER! You are our lucky visitor #1000000,Spam
Your exclusive member discount inside,Promotion
Interview scheduled – Solutions Architect at ServiceNow,Important
Bank statement for account ending 8536,Important
"Flight confirmation: SW114 – May 26, 2024",Important
Job offer: Solutions Architect position at Databricks,Important
Jerry James and 19 others liked your comment,Social
Your application status has been updated,Important
"Flight confirmation: AA146 – July 14, 2024",Important
Lisa Garcia and 44 others liked your comment,Social
Investment opportunity – 3000% returns guaranteed,Spam
Danielle Ramos started following you,Social
Miracle cure for diabetes discovered,Spam
Congratulations! You've won a Caribbean cruise,Spam
Your account will be closed unless you verify NOW,Spam
Crystal Williams shared your post,Social
New message from Scott Lewis,Social
Anthony Sanchez commented on your post,Social
You have a new follower: Jack Turner,Social
WINNER! You are our lucky visitor #1000000,Spam
FREE iPhone 15 Pro – just pay shipping,Spam
Trending in your network: see what's happening,Social
"Flight confirmation: DL160 – April 27, 2024",Important
37 mutual connections want to connect,Social
🔥 Up to 60% OFF – Today Only!,Promotion
You have a new follower: Deborah Allen,Social
CONFIDENTIAL: Business proposal from Nigeria,Spam
Background check results available,Important
New arrivals just dropped 🚀,Promotion
New drops every hour – shop the drop,Promotion
New arrivals just dropped 🚀,Promotion
"Quarterly performance review – September 05, 2024",Important
🔥 Up to 60% OFF – Today Only!,Promotion
Exclusive deal just for you 🎁,Promotion
Stephanie Green mentioned you in a comment,Social
Last chance to grab these bestsellers,Promotion
Your exclusive member discount inside,Promotion
You have 2 new notifications,Social
Your prescription is ready for pickup,Important
Patricia Miller shared your post,Social
"Meeting reschedule – Team OKRs on November 11, 2024",Important
Deborah Anderson sent you a connection request,Social
Today only: double rewards points 💰,Promotion
🔥 Up to 60% OFF – Today Only!,Promotion
Exclusive deal just for you 🎁,Promotion
32 people viewed your profile this week,Social
We miss you – here's 20% off to come back,Promotion
Donna Allen sent you a connection request,Social
You left something in your cart 🛒,Promotion
We miss you – here's 20% off to come back,Promotion
"Buy 2, get 1 FREE this weekend only",Promotion
New message from Shirley Garcia,Social
Security alert: new sign-in to your account,Important
"Project deadline extended to April 26, 2024",Important
Your content reached 28 people this week!,Social
Last chance: unclaimed inheritance waiting for you,Spam
"Quarterly performance review – February 22, 2024",Important
Your application status has been updated,Important
"Flight confirmation: DL224 – September 20, 2024",Important
Your content reached 30 people this week!,Social
Make money fast – join our exclusive network,Spam
Your content reached 27 people this week!,Social
Last chance: unclaimed inheritance waiting for you,Spam
Jonathan Nguyen accepted your friend request,Social
New drops every hour – shop the drop,Promotion
Limited time: Free shipping on all orders,Promotion
Exclusive VIP access – limited time offer,Spam
Miracle cure for diabetes discovered,Spam
Carol Perez commented on your post,Social
Urgent: Your computer has a virus – call now,Spam
Summer collection is here 🌞,Promotion
Limited time: Free shipping on all orders,Promotion
Your account will be closed unless you verify NOW,Spam
Bank statement for account ending 8779,Important
"Medical appointment reminder – October 25, 2024 at 9:30 AM",Important
Eric Reed and 47 others liked your comment,Social
You left something in your cart 🛒,Promotion
Your application status has been updated,Important
Your application status has been updated,Important
Your exclusive member discount inside,Promotion
Your credit score qualifies you for a secret loan,Spam
"Project deadline extended to August 08, 2024",Important
Your tax documents are ready for review,Important
Limited time: Free shipping on all orders,Promotion
🔥 Up to 60% OFF – Today Only!,Promotion
Today only: double rewards points 💰,Promotion
CONFIDENTIAL: Business proposal from Nigeria,Spam
You have 22 new notifications,Social
You have 22 new notifications,Social
Your rewards points are about to expire!,Promotion
"Lease renewal: action required by September 10, 2024",Important
Congratulations! You've won a Caribbean cruise,Spam
You've been selected for a $500 Walmart gift card!!,Spam
New drops every hour – shop the drop,Promotion
18 people viewed your profile this week,Social
36 people viewed your profile this week,Social
Hot singles in your area want to meet you,Spam
Sarah Green sent you a connection request,Social
Urgent: Team meeting moved to today at 11:00 AM,Important
Your content reached 20 people this week!,Social
New message from Adam Miller,Social
Jerry Brooks liked your photo,Social
Early bird access: Black Friday starts NOW,Promotion
"Lease renewal: action required by May 09, 2024",Important
Security alert: new sign-in to your account,Important
Doctors stunned by this one weird weight loss trick,Spam
New message from Doris James,Social
Prince Abdullah needs your help with $48 million,Spam
New message from Andrea Gonzalez,Social
Urgent: Team meeting moved to today at 5:30 PM,Important
Action Required: Your invoice #INV-69546 is due,Important
Frances Bennett replied to your comment,Social
Summer collection is here 🌞,Promotion
"Congratulations, you're pre-approved for $50,000",Spam
Members-only early access starts NOW,Promotion
Your post is getting attention! 30 reactions,Social
"Lease renewal: action required by January 15, 2024",Important
Action Required: Your invoice #INV-91740 is due,Important
Don't miss what's happening on Meetup,Social
Members-only early access starts NOW,Promotion
Limited time: Free shipping on all orders,Promotion
"Buy 2, get 1 FREE this weekend only",Promotion
Act NOW to avoid account suspension,Spam
Rebecca Rodriguez liked your photo,Social
Your insurance renewal is coming up,Important
Flash Sale: 4 hours left ⏰,Promotion
Today only: double rewards points 💰,Promotion
Your prescription is ready for pickup,Important
Security alert: new sign-in to your account,Important
"Contract renewal notice – response needed by May 19, 2024",Important
Background check results available,Important
Background check results available,Important
Urgent: Claim your lottery winnings NOW,Spam
Your exclusive member discount inside,Promotion
Your rewards points are about to expire!,Promotion
Urgent: Team meeting moved to today at 9:30 AM,Important
Ronald Lee and 27 others liked your comment,Social
Sarah Morris shared your post,Social
Miracle cure for diabetes discovered,Spam
You have a new follower: Sharon Brown,Social
You have 2 new notifications,Social
Re: Project Nexus – urgent update needed,Important
Sarah Gonzalez shared your post,Social
Your account will be closed unless you verify NOW,Spam
Summer collection is here 🌞,Promotion
Jeff Hall mentioned you in a comment,Social
Bank statement for account ending 4715,Important
"Quarterly performance review – July 15, 2024",Important
Flash Sale: 4 hours left ⏰,Promotion
Your tax documents are ready for review,Important
Biggest sale of the year – don't miss it,Promotion
Your rewards points are about to expire!,Promotion
"Lease renewal: action required by January 15, 2024",Important
Act NOW to avoid account suspension,Spam
"Contract renewal notice – response needed by August 14, 2024",Important
Nicole Murphy commented on your post,Social
You have a new follower: Stephen Patel,Social
Exclusive deal just for you 🎁,Promotion
"Flight confirmation: SW711 – April 15, 2024",Important
Lose 30 lbs in 30 days – doctors hate this trick,Spam
Job offer: Data Scientist position at Workday,Important
Click here to claim your prize before it expires,Spam
Raymond Collins tagged you in a post,Social
"Contract renewal notice – response needed by October 12, 2024",Important
Doctors stunned by this one weird weight loss trick,Spam
"Contract renewal notice – response needed by February 16, 2024",Important
Last chance: unclaimed inheritance waiting for you,Spam
"Lease renewal: action required by December 09, 2024",Important
Your application status has been updated,Important
Your wishlist items are on sale now!,Promotion
New message from Brian Carter,Social
Your content reached 8 people this week!,Social
Early bird access: Black Friday starts NOW,Promotion
Security alert: new sign-in to your account,Important
Kevin Young accepted your friend request,Social
Your wishlist items are on sale now!,Promotion
New arrivals just dropped 🚀,Promotion
New arrivals just dropped 🚀,Promotion
We miss you – here's 20% off to come back,Promotion
You left something in your cart 🛒,Promotion
"Buy 2, get 1 FREE this weekend only",Promotion
"Medical appointment reminder – October 11, 2024 at 11:00 AM",Important
WINNER! You are our lucky visitor #1000000,Spam
Flash Sale: 4 hours left ⏰,Promotion
Your tax documents are ready for review,Important
Members-only early access starts NOW,Promotion
Your insurance renewal is coming up,Important
Act NOW to avoid account suspension,Spam
You have 47 new notifications,Social
Walter Collins shared your post,Social
New message from Raymond Alvarez,Social
Last chance to grab these bestsellers,Promotion
Nathan Jackson replied to your comment,Social
You left something in your cart 🛒,Promotion
Don't miss what's happening on Medium,Social
Heather Thomas started following you,Social
Margaret Morales and 31 others liked your comment,Social
Your insurance renewal is coming up,Important
Interview scheduled – Data Scientist at Accenture,Important
"Quarterly performance review – October 15, 2024",Important
Exclusive deal just for you 🎁,Promotion
Your exclusive member discount inside,Promotion
CONFIDENTIAL: Business proposal from Nigeria,Spam
Trending in your network: see what's happening,Social
Security alert: new sign-in to your account,Important
"Make $5,000/week from home – no experience needed",Spam
You have a new follower: Gary Moore,Social
Don't miss what's happening on Facebook,Social
New drops every hour – shop the drop,Promotion
Thomas Cox accepted your friend request,Social
🔥 Up to 60% OFF – Today Only!,Promotion
Susan Roberts mentioned you in a comment,Social
Jason Young mentioned you in a comment,Social
Your application status has been updated,Important
Interview scheduled – DevOps Engineer at Goldman Sachs,Important
Flash Sale: 4 hours left ⏰,Promotion
New arrivals just dropped 🚀,Promotion
Nathan Campbell started following you,Social
"Quarterly performance review – June 20, 2024",Important
Deborah Howard replied to your comment,Social
"Buy 2, get 1 FREE this weekend only",Promotion
We miss you – here's 20% off to come back,Promotion
Background check results available,Important
Jose Ramos tagged you in a post,Social
We miss you – here's 20% off to come back,Promotion
Investment opportunity – 3000% returns guaranteed,Spam
You left something in your cart 🛒,Promotion
Last chance to grab these bestsellers,Promotion
Prince Abdullah needs your help with $48 million,Spam
Eric Cook started following you,Social
Jeff Garcia commented on your post,Social
Exclusive VIP access – limited time offer,Spam
FREE iPhone 15 Pro – just pay shipping,Spam
42 people viewed your profile this week,Social
Your exclusive member discount inside,Promotion
🔥 Up to 60% OFF – Today Only!,Promotion
Your exclusive member discount inside,Promotion
Exclusive deal just for you 🎁,Promotion
You owe back taxes – IRS action pending,Spam
Last chance to grab these bestsellers,Promotion
"Contract renewal notice – response needed by May 24, 2024",Important
"Meeting reschedule – Client Onboarding on April 23, 2024",Important
Trending in your network: see what's happening,Social
Enlarge your income with our proven system,Spam
You have a new follower: Helen Hill,Social
Enlarge your income with our proven system,Spam
Your content reached 17 people this week!,Social
Last chance: unclaimed inheritance waiting for you,Spam
"Flight confirmation: BA227 – November 14, 2024",Important
Tyler Gray reacted to your story,Social
You have a new follower: Joyce Brown,Social
31 people viewed your profile this week,Social
"Meeting reschedule – Hiring Plan on June 29, 2024",Important
Weekend special: 30% off sitewide,Promotion
44 people viewed your profile this week,Social
Background check results available,Important
Re: Project Nova – urgent update needed,Important
🔥 Up to 60% OFF – Today Only!,Promotion
Your content reached 2 people this week!,Social
Donald Ward and 16 others liked your comment,Social
Your tax documents are ready for review,Important
Flash Sale: 4 hours left ⏰,Promotion
Linda Watson liked your photo,Social
James Davis accepted your friend request,Social
Last chance: unclaimed inheritance waiting for you,Spam
39 people viewed your profile this week,Social
"Project deadline extended to March 20, 2024",Important
Limited time: Free shipping on all orders,Promotion
Last chance: unclaimed inheritance waiting for you,Spam
"Contract renewal notice – response needed by May 12, 2024",Important
Your content reached 27 people this week!,Social
You left something in your cart 🛒,Promotion
Trending in your network: see what's happening,Social
Don't miss what's happening on TikTok,Social
Your exclusive member discount inside,Promotion
Jennifer Sanders shared your post,Social
Cynthia Robinson and 11 others liked your comment,Social
Deborah Parker sent you a connection request,Social
Your PayPal account has been limited – act immediately,Spam
8 mutual connections want to connect,Social
We miss you – here's 20% off to come back,Promotion
You left something in your cart 🛒,Promotion
Your wishlist items are on sale now!,Promotion
Interview scheduled – Financial Analyst at SAP,Important
"Medical appointment reminder – May 07, 2024 at 3:00 PM",Important
Summer collection is here 🌞,Promotion
Job offer: Business Development Manager position at Palantir,Important
Your wishlist items are on sale now!,Promotion
Action Required: Your invoice #INV-93648 is due,Important
You have 47 new notifications,Social
Your wishlist items are on sale now!,Promotion
"Congratulations, you're pre-approved for $50,000",Spam
Offer letter enclosed – please review and sign,Important
Your application status has been updated,Important
Job offer: Data Scientist position at Oracle,Important
Daniel Wood commented on your post,Social
Stephen Hernandez shared your post,Social
Security alert: new sign-in to your account,Important
Zachary Thompson liked your photo,Social
"Congratulations, you're pre-approved for $50,000",Spam
Your content reached 11 people this week!,Social
Weekend special: 30% off sitewide,Promotion
You have a new follower: Andrea Rogers,Social
Gloria Sanders tagged you in a post,Social
New arrivals just dropped 🚀,Promotion
"Buy 2, get 1 FREE this weekend only",Promotion
Biggest sale of the year – don't miss it,Promotion
"Make $5,000/week from home – no experience needed",Spam
Your insurance renewal is coming up,Important
Your tax documents are ready for review,Important
FREE iPhone 15 Pro – just pay shipping,Spam
Flash Sale: 4 hours left ⏰,Promotion
Work from home – earn $200/hour guaranteed,Spam
Prince Abdullah needs your help with $48 million,Spam
Limited time: Free shipping on all orders,Promotion
Your post is getting attention! 39 reactions,Social
Biggest sale of the year – don't miss it,Promotion
Henry Cox started following you,Social
Your wishlist items are on sale now!,Promotion
Your application status has been updated,Important
8 mutual connections want to connect,Social
You have a new follower: Danielle Brown,Social
Emma Kim started following you,Social
"Make $5,000/week from home – no experience needed",Spam
Double your Bitcoin in 24 hours – guaranteed,Spam
"Flight confirmation: BA160 – March 31, 2024",Important
Limited time: Free shipping on all orders,Promotion
Urgent: Team meeting moved to today at 4:30 PM,Important
46 mutual connections want to connect,Social
You owe back taxes – IRS action pending,Spam
Hot singles in your area want to meet you,Spam
Investment opportunity – 3000% returns guaranteed,Spam
🔥 Up to 60% OFF – Today Only!,Promotion
"Lease renewal: action required by August 05, 2024",Important
Urgent: Team meeting moved to today at 8:00 AM,Important
"Meeting reschedule – Hiring Plan on May 26, 2024",Important
WINNER! You are our lucky visitor #1000000,Spam
2 people viewed your profile this week,Social
Secret government loophole pays off your debt,Spam
Offer letter enclosed – please review and sign,Important
Your exclusive member discount inside,Promotion
Trending in your network: see what's happening,Social
Nathan Robinson commented on your post,Social
Jeff Peterson commented on your post,Social
John Green replied to your comment,Social
Enlarge your income with our proven system,Spam
Exclusive deal just for you 🎁,Promotion
Urgent: Team meeting moved to today at 8:00 AM,Important
Make money fast – join our exclusive network,Spam
Today only: double rewards points 💰,Promotion
Shirley Cox liked your photo,Social
We miss you – here's 20% off to come back,Promotion
"Meeting reschedule – Client Onboarding on July 03, 2024",Important
Flash Sale: 4 hours left ⏰,Promotion
Click here to claim your prize before it expires,Spam
Adam Long mentioned you in a comment,Social
"Flight confirmation: BA179 – August 15, 2024",Important
Doris Lewis liked your photo,Social
Trending in your network: see what's happening,Social
Flash Sale: 4 hours left ⏰,Promotion
FREE gift card inside – open immediately,Spam
CONFIDENTIAL: Business proposal from Nigeria,Spam
Bank statement for account ending 7417,Important
Doris Jones started following you,Social
Don't miss what's happening on YouTube,Social
Your post is getting attention! 31 reactions,Social
Urgent: Your computer has a virus – call now,Spam
Justin Peterson shared your post,Social
"Medical appointment reminder – October 26, 2024 at 9:30 AM",Important
Re: Project Vertex – urgent update needed,Important
Miracle cure for diabetes discovered,Spam
"Quarterly performance review – December 23, 2024",Important
Action Required: Your invoice #INV-44756 is due,Important
Urgent: Claim your lottery winnings NOW,Spam
Job offer: Senior Software Engineer position at Goldman Sachs,Important
Security alert: new sign-in to your account,Important
Bank statement for account ending 9043,Important
Limited time: Free shipping on all orders,Promotion
Carol Carter and 25 others liked your comment,Social
Your application status has been updated,Important
"Contract renewal notice – response needed by August 19, 2024",Important
Interview scheduled – Financial Analyst at Cisco Systems,Important
Your exclusive member discount inside,Promotion
Final hours: clearance sale ends at midnight,Promotion
Your post is getting attention! 29 reactions,Social
Background check results available,Important
"Medical appointment reminder – June 24, 2024 at 5:00 PM",Important
21 people viewed your profile this week,Social
New drops every hour – shop the drop,Promotion
"Meeting reschedule – Hiring Plan on September 12, 2024",Important
Congratulations! You've won a Caribbean cruise,Spam
Jerry Robinson tagged you in a post,Social
Interview scheduled – Financial Analyst at JP Morgan,Important
Your post is getting attention! 39 reactions,Social
You've been selected for a $500 Walmart gift card!!,Spam
"Lease renewal: action required by April 21, 2024",Important
Edward Allen replied to your comment,Social
Work from home – earn $200/hour guaranteed,Spam
Click here to claim your prize before it expires,Spam
"Make $5,000/week from home – no experience needed",Spam
New drops every hour – shop the drop,Promotion
Interview scheduled – Marketing Manager at ServiceNow,Important
WINNER! You are our lucky visitor #1000000,Spam
Interview scheduled – Financial Analyst at McKinsey & Company,Important
Linda Hernandez and 16 others liked your comment,Social
FREE gift card inside – open immediately,Spam
You have 3 new notifications,Social
Trending in your network: see what's happening,Social
Your account will be closed unless you verify NOW,Spam
"Medical appointment reminder – November 15, 2024 at 1:00 PM",Important
CONFIDENTIAL: Business proposal from Nigeria,Spam
"Contract renewal notice – response needed by February 09, 2024",Important
Work from home – earn $200/hour guaranteed,Spam
19 people viewed your profile this week,Social
William Nguyen commented on your post,Social
Bank statement for account ending 8613,Important
Patrick Martin accepted your friend request,Social
🔥 Up to 60% OFF – Today Only!,Promotion
Trending in your network: see what's happening,Social
Biggest sale of the year – don't miss it,Promotion
FREE iPhone 15 Pro – just pay shipping,Spam
Background check results available,Important
New arrivals just dropped 🚀,Promotion
You have 11 new notifications,Social
Offer letter enclosed – please review and sign,Important
50 people viewed your profile this week,Social
Urgent: Team meeting moved to today at 8:30 AM,Important
Your account will be closed unless you verify NOW,Spam
Trending in your network: see what's happening,Social
You owe back taxes – IRS action pending,Spam
Your exclusive member discount inside,Promotion
Offer letter enclosed – please review and sign,Important
Your post is getting attention! 12 reactions,Social
Congratulations! You've won a Caribbean cruise,Spam
WINNER! You are our lucky visitor #1000000,Spam
"Quarterly performance review – December 01, 2024",Important
Don't miss what's happening on Pinterest,Social
Jessica Rodriguez replied to your comment,Social
Jose Torres mentioned you in a comment,Social
"Medical appointment reminder – October 08, 2024 at 12:30 PM",Important
42 mutual connections want to connect,Social
41 mutual connections want to connect,Social
Gloria Hall liked your photo,Social
Urgent: Team meeting moved to today at 1:30 PM,Important
Make money fast – join our exclusive network,Spam
Click here to claim your prize before it expires,Spam
Deborah Clark and 41 others liked your comment,Social
Miracle cure for diabetes discovered,Spam
Peter Campbell started following you,Social
Your PayPal account has been limited – act immediately,Spam
Your application status has been updated,Important
Miracle cure for diabetes discovered,Spam
Gloria Carter replied to your comment,Social
Members-only early access starts NOW,Promotion
"Project deadline extended to July 25, 2024",Important
You left something in your cart 🛒,Promotion
Hot singles in your area want to meet you,Spam
New drops every hour – shop the drop,Promotion
Trending in your network: see what's happening,Social
Don't miss what's happening on Reddit,Social
Your prescription is ready for pickup,Important
New message from Angela Edwards,Social
Exclusive VIP access – limited time offer,Spam
Today only: double rewards points 💰,Promotion
You've been selected for a $500 Walmart gift card!!,Spam
Action Required: Your invoice #INV-98573 is due,Important
Click here to claim your prize before it expires,Spam
Kathleen Collins replied to your comment,Social
New arrivals just dropped 🚀,Promotion
Your content reached 4 people this week!,Social
Final hours: clearance sale ends at midnight,Promotion
Hot singles in your area want to meet you,Spam
Trending in your network: see what's happening,Social
Carol Price and 17 others liked your comment,Social
Your prescription is ready for pickup,Important
You have a new follower: Douglas Stewart,Social
Your exclusive member discount inside,Promotion
Urgent: Your computer has a virus – call now,Spam
Your rewards points are about to expire!,Promotion
Early bird access: Black Friday starts NOW,Promotion
Your content reached 38 people this week!,Social
Your PayPal account has been limited – act immediately,Spam
Final hours: clearance sale ends at midnight,Promotion
Prince Abdullah needs your help with $48 million,Spam
Your account will be closed unless you verify NOW,Spam
"Flight confirmation: BA313 – July 18, 2024",Important
Action Required: Your invoice #INV-75078 is due,Important
Robert Harris commented on your post,Social
Your application status has been updated,Important
FREE gift card inside – open immediately,Spam
"Contract renewal notice – response needed by November 10, 2024",Important
Your tax documents are ready for review,Important
Limited time: Free shipping on all orders,Promotion
Make money fast – join our exclusive network,Spam
Your exclusive member discount inside,Promotion
Summer collection is here 🌞,Promotion
Your credit score qualifies you for a secret loan,Spam
Your exclusive member discount inside,Promotion
Christopher Nguyen sent you a connection request,Social
New drops every hour – shop the drop,Promotion
Job offer: Marketing Manager position at Accenture,Important
Your account will be closed unless you verify NOW,Spam
Your tax documents are ready for review,Important
45 people viewed your profile this week,Social
"Flight confirmation: AA156 – March 14, 2024",Important
"Meeting reschedule – Q3 Budget Review on April 19, 2024",Important
"Contract renewal notice – response needed by June 21, 2024",Important
Limited time: Free shipping on all orders,Promotion
Your insurance renewal is coming up,Important
New arrivals just dropped 🚀,Promotion
John Johnson mentioned you in a comment,Social
Your exclusive member discount inside,Promotion
New message from James Moore,Social
Frank Kim commented on your post,Social
Jennifer Stewart accepted your friend request,Social
You have a new follower: Alexander Sanders,Social
Background check results available,Important
"Make $5,000/week from home – no experience needed",Spam
Today only: double rewards points 💰,Promotion
Summer collection is here 🌞,Promotion
You have a new follower: Mary Moore,Social
Douglas Castillo commented on your post,Social
Work from home – earn $200/hour guaranteed,Spam
Exclusive deal just for you 🎁,Promotion
Bank statement for account ending 2435,Important
"Project deadline extended to March 30, 2024",Important
"Buy 2, get 1 FREE this weekend only",Promotion
"Project deadline extended to August 12, 2024",Important
Your content reached 3 people this week!,Social
You have 28 new notifications,Social
"Quarterly performance review – January 04, 2024",Important
Action Required: Your invoice #INV-92193 is due,Important
"Quarterly performance review – July 18, 2024",Important
Secret government loophole pays off your debt,Spam
Stephen Thompson accepted your friend request,Social
Biggest sale of the year – don't miss it,Promotion
Your post is getting attention! 28 reactions,Social
Make money fast – join our exclusive network,Spam
🔥 Up to 60% OFF – Today Only!,Promotion
Your rewards points are about to expire!,Promotion
Your insurance renewal is coming up,Important
Enlarge your income with our proven system,Spam
Members-only early access starts NOW,Promotion
Cynthia Patel accepted your friend request,Social
We miss you – here's 20% off to come back,Promotion
Make money fast – join our exclusive network,Spam
Your application status has been updated,Important
You have a new follower: Deborah Murphy,Social
New arrivals just dropped 🚀,Promotion
Michael Clark reacted to your story,Social
Your exclusive member discount inside,Promotion
Members-only early access starts NOW,Promotion
Last chance: unclaimed inheritance waiting for you,Spam
FREE gift card inside – open immediately,Spam
🔥 Up to 60% OFF – Today Only!,Promotion
Final hours: clearance sale ends at midnight,Promotion
Security alert: new sign-in to your account,Important
Last chance to grab these bestsellers,Promotion
Biggest sale of the year – don't miss it,Promotion
🔥 Up to 60% OFF – Today Only!,Promotion
"Lease renewal: action required by August 16, 2024",Important
"Quarterly performance review – March 05, 2024",Important
Early bird access: Black Friday starts NOW,Promotion
New message from Benjamin Richardson,Social
🔥 Up to 60% OFF – Today Only!,Promotion
🔥 Up to 60% OFF – Today Only!,Promotion
"Congratulations, you're pre-approved for $50,000",Spam
Trending in your network: see what's happening,Social
Members-only early access starts NOW,Promotion
You have a new follower: Julie Sanders,Social
Security alert: new sign-in to your account,Important
Ann Edwards tagged you in a post,Social
Your prescription is ready for pickup,Important
Don't miss what's happening on Twitter/X,Social
Bank statement for account ending 7774,Important
7 mutual connections want to connect,Social
FREE iPhone 15 Pro – just pay shipping,Spam
Last chance to grab these bestsellers,Promotion
You left something in your cart 🛒,Promotion
Investment opportunity – 3000% returns guaranteed,Spam
Your rewards points are about to expire!,Promotion
Last chance to grab these bestsellers,Promotion
"Lease renewal: action required by November 25, 2024",Important
Exclusive VIP access – limited time offer,Spam
"Contract renewal notice – response needed by February 15, 2024",Important
Job offer: DevOps Engineer position at Goldman Sachs,Important
Early bird access: Black Friday starts NOW,Promotion
Members-only early access starts NOW,Promotion
"Medical appointment reminder – July 02, 2024 at 4:30 PM",Important
Alice Hughes sent you a connection request,Social
Final hours: clearance sale ends at midnight,Promotion
Limited time: Free shipping on all orders,Promotion
New arrivals just dropped 🚀,Promotion
Action Required: Your invoice #INV-94765 is due,Important
Urgent: Claim your lottery winnings NOW,Spam
Your rewards points are about to expire!,Promotion
Hot singles in your area want to meet you,Spam
Investment opportunity – 3000% returns guaranteed,Spam
New drops every hour – shop the drop,Promotion
Prince Abdullah needs your help with $48 million,Spam
Bank statement for account ending 3455,Important
Enlarge your income with our proven system,Spam
Your rewards points are about to expire!,Promotion
You left something in your cart 🛒,Promotion
James Rodriguez liked your photo,Social
You have a new follower: David Lopez,Social
Emily Edwards tagged you in a post,Social
James Long reacted to your story,Social
Crystal Chavez commented on your post,Social
Your exclusive member discount inside,Promotion
Justin Miller and 9 others liked your comment,Social
Background check results available,Important
Exclusive deal just for you 🎁,Promotion
Don't miss what's happening on Facebook,Social
New drops every hour – shop the drop,Promotion
FREE iPhone 15 Pro – just pay shipping,Spam
47 mutual connections want to connect,Social
Joyce Rodriguez mentioned you in a comment,Social
FREE iPhone 15 Pro – just pay shipping,Spam
Your wishlist items are on sale now!,Promotion
Work from home – earn $200/hour guaranteed,Spam
"Project deadline extended to July 30, 2024",Important
Your PayPal account has been limited – act immediately,Spam
Your prescription is ready for pickup,Important
WINNER! You are our lucky visitor #1000000,Spam
9 mutual connections want to connect,Social
Your rewards points are about to expire!,Promotion
Today only: double rewards points 💰,Promotion
Your exclusive member discount inside,Promotion
FREE gift card inside – open immediately,Spam
Your content reached 47 people this week!,Social
Your post is getting attention! 4 reactions,Social
Your credit score qualifies you for a secret loan,Spam
Your tax documents are ready for review,Important
Jean Torres shared your post,Social
Your insurance renewal is coming up,Important
Cheryl Morales tagged you in a post,Social
"Medical appointment reminder – April 21, 2024 at 1:30 PM",Important
Your bank account has suspicious activity,Spam
Evelyn Hill replied to your comment,Social
Weekend special: 30% off sitewide,Promotion
"Lease renewal: action required by November 17, 2024",Important
Job offer: Business Development Manager position at Workday,Important
Urgent: Claim your lottery winnings NOW,Spam
Peter Lee replied to your comment,Social
Sharon White accepted your friend request,Social
Your exclusive member discount inside,Promotion
"Medical appointment reminder – June 08, 2024 at 5:00 PM",Important
Exclusive deal just for you 🎁,Promotion
"Contract renewal notice – response needed by July 18, 2024",Important
Your exclusive member discount inside,Promotion
Samantha Clark mentioned you in a comment,Social
Your bank account has suspicious activity,Spam
Timothy Ramos accepted your friend request,Social
Your application status has been updated,Important
Today only: double rewards points 💰,Promotion
Urgent: Team meeting moved to today at 11:00 AM,Important
Your account will be closed unless you verify NOW,Spam
New message from Heather Ramos,Social
Background check results available,Important
Nicholas Morales started following you,Social
Biggest sale of the year – don't miss it,Promotion
Today only: double rewards points 💰,Promotion
Action Required: Your invoice #INV-20783 is due,Important
Congratulations! You've won a Caribbean cruise,Spam
Background check results available,Important
Biggest sale of the year – don't miss it,Promotion
Background check results available,Important
New message from Robert Brown,Social
Re: Project Nexus – urgent update needed,Important
"Flight confirmation: AA328 – March 09, 2024",Important
Miracle cure for diabetes discovered,Spam
Today only: double rewards points 💰,Promotion
Flash Sale: 4 hours left ⏰,Promotion
Limited time: Free shipping on all orders,Promotion
Weekend special: 30% off sitewide,Promotion
WINNER! You are our lucky visitor #1000000,Spam
Early bird access: Black Friday starts NOW,Promotion
New arrivals just dropped 🚀,Promotion
Exclusive deal just for you 🎁,Promotion
Bank statement for account ending 5448,Important
Summer collection is here 🌞,Promotion
You owe back taxes – IRS action pending,Spam
Jacob Garcia tagged you in a post,Social
Your exclusive member discount inside,Promotion
Anna Hughes started following you,Social
Flash Sale: 4 hours left ⏰,Promotion
We miss you – here's 20% off to come back,Promotion
Urgent: Your computer has a virus – call now,Spam
"Quarterly performance review – June 08, 2024",Important
Kenneth Torres sent you a connection request,Social
FREE iPhone 15 Pro – just pay shipping,Spam
You have a new follower: Brian Patel,Social
Bank statement for account ending 6449,Important
You've been selected for a $500 Walmart gift card!!,Spam
Background check results available,Important
Ronald Torres reacted to your story,Social
Don't miss what's happening on Slack,Social
FREE gift card inside – open immediately,Spam
Summer collection is here 🌞,Promotion
Your content reached 16 people this week!,Social
"Quarterly performance review – June 19, 2024",Important
Patricia Lopez started following you,Social
"Congratulations, you're pre-approved for $50,000",Spam
Early bird access: Black Friday starts NOW,Promotion
We miss you – here's 20% off to come back,Promotion
Donna Peterson sent you a connection request,Social
Your PayPal account has been limited – act immediately,Spam
Don't miss what's happening on Quora,Social
Don't miss what's happening on Instagram,Social
"Buy 2, get 1 FREE this weekend only",Promotion
Act NOW to avoid account suspension,Spam
Your tax documents are ready for review,Important
New drops every hour – shop the drop,Promotion
FREE gift card inside – open immediately,Spam
Trending in your network: see what's happening,Social
Your prescription is ready for pickup,Important
Re: Project Phoenix – urgent update needed,Important
Bank statement for account ending 7775,Important
Alice Alvarez replied to your comment,Social
Work from home – earn $200/hour guaranteed,Spam
Shirley Robinson sent you a connection request,Social
"Medical appointment reminder – September 26, 2024 at 4:30 PM",Important
Job offer: Marketing Manager position at SAP,Important
Your application status has been updated,Important
Offer letter enclosed – please review and sign,Important
New arrivals just dropped 🚀,Promotion
Lose 30 lbs in 30 days – doctors hate this trick,Spam
Urgent: Team meeting moved to today at 11:00 AM,Important
Enlarge your income with our proven system,Spam
Today only: double rewards points 💰,Promotion
Bank statement for account ending 5352,Important
"Medical appointment reminder – November 12, 2024 at 2:30 PM",Important
"Medical appointment reminder – February 15, 2024 at 8:30 AM",Important
"Meeting reschedule – Team OKRs on November 11, 2024",Important
Stephen Ruiz mentioned you in a comment,Social
CONFIDENTIAL: Business proposal from Nigeria,Spam
Your bank account has suspicious activity,Spam
"Quarterly performance review – November 26, 2024",Important
Your post is getting attention! 37 reactions,Social
Limited time: Free shipping on all orders,Promotion
Re: Project Atlas – urgent update needed,Important
Act NOW to avoid account suspension,Spam
You have 22 new notifications,Social
"Lease renewal: action required by November 24, 2024",Important
Urgent: Team meeting moved to today at 3:30 PM,Important
11 mutual connections want to connect,Social
Investment opportunity – 3000% returns guaranteed,Spam
You owe back taxes – IRS action pending,Spam
"Lease renewal: action required by March 08, 2024",Important
Background check results available,Important
Your content reached 50 people this week!,Social
Biggest sale of the year – don't miss it,Promotion
We miss you – here's 20% off to come back,Promotion
Trending in your network: see what's happening,Social
"Medical appointment reminder – February 25, 2024 at 3:30 PM",Important
Make money fast – join our exclusive network,Spam
Summer collection is here 🌞,Promotion
"Flight confirmation: AA740 – October 23, 2024",Important
Members-only early access starts NOW,Promotion
Hot singles in your area want to meet you,Spam
Your exclusive member discount inside,Promotion
"Quarterly performance review – October 21, 2024",Important
"Meeting reschedule – Team OKRs on July 19, 2024",Important
Your exclusive member discount inside,Promotion
Betty Kelly started following you,Social
You've been selected for a $500 Walmart gift card!!,Spam
Re: Project Phoenix – urgent update needed,Important
You have 29 new notifications,Social
4 people viewed your profile this week,Social
Flash Sale: 4 hours left ⏰,Promotion
Final hours: clearance sale ends at midnight,Promotion
"Flight confirmation: DL817 – September 08, 2024",Important
Final hours: clearance sale ends at midnight,Promotion
FREE gift card inside – open immediately,Spam
Your content reached 48 people this week!,Social
Your tax documents are ready for review,Important
Congratulations! You've won a Caribbean cruise,Spam
Last chance to grab these bestsellers,Promotion
Click here to claim your prize before it expires,Spam
23 mutual connections want to connect,Social
Your bank account has suspicious activity,Spam
Background check results available,Important
Don't miss what's happening on Medium,Social
Your bank account has suspicious activity,Spam
Cheryl Allen reacted to your story,Social
Kenneth Lopez tagged you in a post,Social
"Contract renewal notice – response needed by August 15, 2024",Important
FREE iPhone 15 Pro – just pay shipping,Spam
Your insurance renewal is coming up,Important
Patricia Lewis shared your post,Social
Urgent: Team meeting moved to today at 11:30 AM,Important
Final hours: clearance sale ends at midnight,Promotion
You have a new follower: Samuel Evans,Social
Today only: double rewards points 💰,Promotion
Your insurance renewal is coming up,Important
Members-only early access starts NOW,Promotion
"Contract renewal notice – response needed by December 11, 2024",Important
Action Required: Your invoice #INV-17183 is due,Important
Your application status has been updated,Important
Urgent: Team meeting moved to today at 10:30 AM,Important
Your wishlist items are on sale now!,Promotion
Your credit score qualifies you for a secret loan,Spam
"Meeting reschedule – Hiring Plan on November 29, 2024",Important
Make money fast – join our exclusive network,Spam
Don't miss what's happening on Quora,Social
Jack Murphy reacted to your story,Social
Trending in your network: see what's happening,Social
Summer collection is here 🌞,Promotion
FREE gift card inside – open immediately,Spam
Prince Abdullah needs your help with $48 million,Spam
Act NOW to avoid account suspension,Spam
Exclusive deal just for you 🎁,Promotion
"Flight confirmation: AA539 – August 10, 2024",Important
Last chance: unclaimed inheritance waiting for you,Spam
Last chance to grab these bestsellers,Promotion
Action Required: Your invoice #INV-91294 is due,Important
Offer letter enclosed – please review and sign,Important
"Congratulations, you're pre-approved for $50,000",Spam
Biggest sale of the year – don't miss it,Promotion
Exclusive deal just for you 🎁,Promotion
"Quarterly performance review – January 16, 2024",Important
Trending in your network: see what's happening,Social
Weekend special: 30% off sitewide,Promotion
"Project deadline extended to July 13, 2024",Important
Douglas Mendoza replied to your comment,Social
Urgent: Claim your lottery winnings NOW,Spam
Cynthia Rodriguez accepted your friend request,Social
"Buy 2, get 1 FREE this weekend only",Promotion
"Meeting reschedule – Sprint Planning on April 23, 2024",Important
We miss you – here's 20% off to come back,Promotion
Job offer: Product Manager position at Snowflake,Important
Bank statement for account ending 4059,Important
Click here to claim your prize before it expires,Spam
Your wishlist items are on sale now!,Promotion
Justin Walker reacted to your story,Social
Urgent: Team meeting moved to today at 12:00 PM,Important
Make money fast – join our exclusive network,Spam
Your tax documents are ready for review,Important
"Project deadline extended to June 07, 2024",Important
